Mois,Annee,montant
1,2025,63476.44301901096
2,2025,63623.48962799674
3,2025,62970.76037179928
4,2025,61069.718402266575
