Mois,Annee,montant
1,2025,63476.443019010956000
2,2025,63623.489627996746500
3,2025,62970.760371799267000
4,2025,61069.718402266580500
